"Name","Code"
"Barracouta","BAR"
"Red Cod","RCO"
"Red Gurnard","GUR"
"Leatherjacket","LEA"
"Carpet Shark","CAR"
"Tarakihi","TAR"
"Snapper","SNA"
"Kahawai","KAH"
"Spiny Dogfish","SPD"
"Rig","SPO"
"School Shark","SCH"
"Elasmobranch Piscivore","ELP"
"Elasmobranch Invertivore","ELI"
"Flatfish","FLA"
"Mesopelagic jelly eaters","MJE"
"Mackerels","MAC"
"Reef fish piscivore","RFP"
"Reef fish invertivore","RFI"
"Pelagic fish large","PFL"
"Pelagic fish small","PFS"
"Demersal fish","DEM"
"Seabird","SB"
"Pinniped","PIN"
"Cephalopod","CEP"
"Scallop","SCA"
"Surf Clam","SCL"
"Mussels","MUS"
"Dredge oysters","OYS"
"Invertabrate scavanger","IVS"
"Invertabrate herbivore","IVH"
"Benthic filter feeder","BFF"
"Benthic grazer","BG"
"Macrozoobenthos","BMO"
"Benthic carnivores","BC"
"Deposit feeder","BD"
"Meiobenthos","BO"
"Gelatinous zooplankton","ZG"
"Carnivorous zooplankton","ZL"
"Mesozooplankton","ZM"
"Microzooplankton","ZS"
"Pelagic bacteria","PB"
"Sediment bacteria","BB"
"Dinoflagelettes","DF"
"Seagrass","SG"
"Macroalgae","MA"
"Microphytobenthos","MB"
"Diatom","PL"
"Picophytoplankton","PS"
"Labile detritus","DL"
"Refractory detritus","DR"
"Detritus","DC"
