Code,Index,IsTurnedOn,Name,LongName,NumCohorts,NumGeneTypes,NumStages,NumSpawns,NumAgeClassSize,NumStocks,VerticallyMigrates,HorizontallyMigrates,IsFished,IsImpacted,isTAC,GroupType,IsPredator,IsCover,IsSiliconDep,IsAssessed,IsCatchGrazer,OverWinters,isCultured,isHabDepend,numMovePeriods,isSupplemented
BAR,0,1,Barracouta,Barracouta,10,1,2,1,1,1,1,1,1,1,1,FISH,1,0,0,1,0,0,0,0,1,0
SPD,1,1,Spiny_dogfish,Southern spiny dogfish,10,1,2,1,3,1,1,1,1,1,1,FISH,1,0,0,1,0,0,0,1,1,0
RCO,2,1,Red_cod,Red cod,5,1,2,1,1,1,1,1,1,1,1,FISH,1,0,0,1,0,0,0,1,1,0
GUR,3,1,Red_gurnard,Red gurnard,10,1,2,1,2,1,1,1,1,1,1,FISH,1,0,0,1,0,0,0,1,1,0
LEA,4,1,Leatherjacket,Leatherjacket,5,1,2,1,1,1,1,1,1,1,1,FISH,1,0,0,1,0,0,0,1,1,0
CAR,5,1,Carpet_shark,Carpet shark,10,1,2,1,2,1,1,1,1,1,0,SHARK,1,0,0,1,0,0,0,1,1,0
TAR,6,1,Tarakihi,Tarakihi,10,1,2,1,4,1,1,1,1,1,1,FISH,1,0,0,1,0,0,0,1,1,0
SNA,7,1,Snapper,Snapper,10,1,2,1,5,1,1,1,1,1,1,FISH,1,0,0,1,0,0,0,1,1,0
KAH,8,1,Kahawai,Kahawai,10,1,2,1,3,1,1,1,1,1,1,FISH,1,0,0,1,0,0,0,0,1,0
SPO,9,1,Rig,Rig,10,1,2,1,2,1,1,1,1,1,1,SHARK,1,0,0,1,0,0,0,1,1,0
SCH,10,1,School_shark,School shark,10,1,2,1,5,1,1,1,1,1,1,SHARK,1,0,0,1,0,0,0,0,1,0
ELP,11,1,Elasmobranch_Pisc,Elasmobranchs-piscivores,10,1,2,1,2,1,1,1,1,1,0,SHARK,1,0,0,1,0,0,0,0,1,0
ELI,12,1,Elasmobranch_Invert,Elasmobranchs-invertivores,10,1,2,1,1,1,1,1,1,1,1,SHARK,1,0,0,1,0,0,0,1,1,0
FLA,13,1,Flatfish,Flatfish,5,1,2,1,1,1,1,1,1,1,1,FISH,1,0,0,1,0,0,0,1,1,0
MJE,14,1,Mesopel_fish_Invert,Mesopelagic jelly eaters,10,1,2,1,2,1,1,1,1,1,1,FISH,1,0,0,1,0,0,0,0,1,0
MAC,15,1,Mackerels,Mackerels,10,1,2,1,2,1,1,1,1,1,1,FISH,1,0,0,1,0,0,0,0,1,0
RFP,16,1,Reef_fish_Pisc,Reef fish-piscivores,10,1,2,1,1,1,1,1,1,1,1,FISH,1,0,0,1,0,0,0,1,1,0
RFI,17,1,Reef_fish_Invert,Reef fish-invertivores,10,1,2,1,1,1,1,1,1,1,1,FISH,1,0,0,1,0,0,0,1,1,0
PFL,18,1,Pelagic_fish_lge,Pelagic fish-large,10,1,2,1,5,1,1,1,1,1,1,FISH,1,0,0,1,0,0,0,0,1,0
PFS,19,1,Pelagic_fish_sml,Pelagic fish-small,10,1,2,1,1,1,1,1,1,1,1,FISH,1,0,0,1,0,0,0,0,1,0
DEM,20,1,Demersal_fish,Demersal fish,10,1,2,1,2,1,1,1,1,1,1,FISH,1,0,0,1,0,0,0,1,1,0
SB,21,1,Seabird,Seabirds,10,1,2,1,2,1,1,1,0,1,1,BIRD,1,0,0,1,1,0,0,0,1,0
PIN,22,1,Pinniped,Pinnipeds-fur seals,10,1,2,1,2,1,1,1,0,1,1,MAMMAL,1,0,0,1,1,0,0,0,1,0
CEP,23,1,Cephalopod,Cephalopod,2,1,2,1,1,1,1,1,1,1,1,FISH,1,0,0,1,0,0,0,0,1,0
SCA,24,1,Scallops,Scallops,2,1,2,1,1,1,1,1,1,1,1,FISH,1,0,0,1,0,0,0,1,1,0
SCL,25,1,Surf_clams,Surf clams-commercial,2,1,2,1,1,1,1,1,1,1,1,FISH,1,0,0,1,0,0,0,1,1,0
MUS,26,1,Mussels,Mussels-commercial,2,1,2,1,1,1,1,1,1,1,1,FISH,1,0,0,1,0,0,0,1,1,0
OYS,27,1,Dredge_oysters,Dredge oysters,2,1,2,1,1,1,1,1,1,1,1,FISH,1,0,0,1,0,0,0,1,1,0
IVS,28,1,Invert_comm_Scav,Invertebrate scavangers-commercial,2,1,2,1,1,1,1,1,1,1,1,FISH,1,0,0,1,0,0,0,1,1,0
IVH,29,1,Invert_comm_Herb,Invertibrate herbivores-commercial,2,1,2,1,1,1,1,1,1,1,1,FISH,1,0,0,1,0,0,0,1,1,0
BFF,30,1,Filter_Other,Benthic filter feeder-non-comm,1,1,1,1,1,1,0,0,0,1,0,SED_EP_FF,1,1,0,1,0,0,0,1,1,0
BG,31,1,Benthic_grazer,Benthic grazer,1,1,1,1,1,1,0,0,0,1,0,SED_EP_OTHER,1,0,0,1,0,0,0,1,1,0
BMO,32,1,Macrobenth_Other,Macrozoobenthos-non-comm,1,1,1,1,1,1,0,0,0,1,0,MOB_EP_OTHER,1,0,0,1,0,0,0,1,1,0
ZL,33,1,Carniv_Zoo,Carnivorous zooplankton,1,1,1,1,1,1,1,0,0,1,0,LG_ZOO,1,0,0,1,0,0,0,0,1,0
BD,34,1,Deposit_Feeder,Deposit Feeder,1,1,1,1,1,1,0,0,0,1,0,SED_EP_OTHER,1,0,0,1,0,0,0,1,1,0
MA,35,1,Macroalgae,Macroalgae,1,1,1,1,1,1,0,0,0,1,1,PHYTOBEN,0,1,0,1,0,0,0,1,1,0
MB,36,1,MicroPB,Microphtybenthos,1,1,1,1,1,1,0,0,0,1,1,MICROPHTYBENTHOS,0,1,1,1,0,0,0,1,1,0
SG,37,1,Seagrass,Seagrass,1,1,1,1,1,1,0,0,0,1,0,SEAGRASS,0,1,0,1,0,0,0,1,1,0
BC,38,1,Benthic_Carniv,Benthic Carnivore,1,1,1,1,1,1,0,0,0,1,0,MOB_EP_OTHER,1,0,0,1,0,0,0,1,1,0
ZG,39,1,Gelat_Zoo,Gelatinous zooplankton,1,1,1,1,1,1,1,0,0,1,0,LG_ZOO,1,0,0,1,0,0,0,0,1,0
PL,40,1,Diatom,Diatom (large phytoplankton),1,1,1,1,1,1,0,0,0,0,0,LG_PHY,0,0,1,1,0,0,0,0,1,0
DF,41,1,DinoFlag,Dinoflagellates,1,1,1,1,1,1,0,0,0,0,0,DINOFLAG,1,0,0,1,0,0,0,0,1,0
PS,42,1,PicoPhytopl,Pico-phytoplankton,1,1,1,1,1,1,0,0,0,0,0,SM_PHY,0,0,0,1,0,0,0,0,1,0
ZM,43,1,Zoo,Mesozooplankton,1,1,1,1,1,1,1,0,0,0,0,MED_ZOO,1,0,0,1,0,0,0,0,1,0
ZS,44,1,MicroZoo,Microzooplankton,1,1,1,1,1,1,1,0,0,0,0,SM_ZOO,1,0,0,1,0,0,0,0,1,0
PB,45,1,Pelag_Bact,Pelagic Bacteria,1,1,1,1,1,1,0,0,0,0,0,PL_BACT,0,0,0,0,0,0,0,1,1,0
BB,46,1,Sed_Bact,Sediment Bacteria,1,1,1,1,1,1,0,0,0,0,0,SED_BACT,0,0,0,0,0,0,0,0,1,0
BO,47,1,Meiobenth,Meiobenthos,1,1,1,1,1,1,0,0,0,0,0,MOB_EP_OTHER,1,0,0,0,0,0,0,1,1,0
DL,48,1,Lab_Det,Labile detritus,1,1,1,1,1,1,0,0,0,0,0,LAB_DET,0,0,0,1,0,0,0,0,1,0
DR,49,1,Ref_Det,Refractory detritus,1,1,1,1,1,1,0,0,0,0,0,REF_DET,0,0,0,1,0,0,0,0,1,0
DC,50,1,Carrion,Carrion,1,1,1,1,1,1,0,0,0,0,0,CARRION,0,0,0,1,0,0,0,0,1,0
